Name,Fulladdress,Municipality,Categories,Time Zone,Phones,Claimed,Review Count,Average Rating,Review URL,Google Maps URL,Latitude,Longitude,Website,Domain,Opening Hours,Featured Image
Londi Laundry Digital 5 Semarang,"Jl. Durian Raya, Srondol Wetan, Kec. Banyumanik, Kota Semarang, Jawa Tengah 5026",Srondol Wetan,Binatu,Asia/Jakarta,"0822-2303-5863, +62 822-2303-5863",YES,578,4.9,https://search.google.com/local/reviews?placeid=ChIJf0TzB86PcC4RyGFos1mnmRI&q=la,https://www.google.com/maps?cid=1340286367823323592,-7.0647974,110.4270713,None,None,"Minggu: [Buka 24 jam], Senin: [Buka 24 jam], Selasa: [Buka 24 jam], Rabu: [Buka ",https://lh5.googleusercontent.com/p/AF1QipOIs6Bld37imx2U6gTUvFYeDr8bmSFBmBnK3cbW
Premium Plus Laundry Karangrejo Banyumanik,"Jl. Kr. Rejo Raya No.10, Banyumanik, Kec. Banyumanik, Kota Semarang, Jawa Tengah",Banyumanik,Binatu,Asia/Jakarta,"0813-8962-1980, +62 813-8962-1980",NO,31,4.7,https://search.google.com/local/reviews?placeid=ChIJMXVWwh2JcC4R_VD-aed4W_8&q=la,https://www.google.com/maps?cid=18400433637863346429,-7.0746131,110.4145668,None,None,"Minggu: [08.00-21.00], Senin: [08.00-21.00], Selasa: [08.00-21.00], Rabu: [08.00",https://lh5.googleusercontent.com/p/AF1QipNMleHDLRe_0GafIc0G151nKPNGyOEnJgxOkEQg
Hai Laundry Premium,"Blk. G Jl. Jati Raya No.5, Srondol Wetan, Kec. Banyumanik, Kota Semarang, Jawa T",Srondol Wetan,Layanan Binatu,Asia/Jakarta,"0899-5634-881, +62 899-5634-881",YES,22,4.6,https://search.google.com/local/reviews?placeid=ChIJUThIkpKJcC4Ryx7CAEAArBo&q=la,https://www.google.com/maps?cid=1921911415870987979,-7.0699345,110.419601,None,None,"Minggu: [07.00-20.00], Senin: [07.00-20.00], Selasa: [07.00-20.00], Rabu: [07.00",https://lh5.googleusercontent.com/p/AF1QipNwU-xLWVuywZsgCxJPkBsHf8licA8ud6NSLeqC
"Angel laundry, Banyumanik & cuci motor damar,","Jl. Kanfer Raya No.1 Blok V, Pedalangan, Kec. Banyumanik, Kota Semarang, Jawa Te",Pedalangan,Binatu,Asia/Jakarta,"0857-4835-2513, +62 857-4835-2513",NO,21,4.8,https://search.google.com/local/reviews?placeid=ChIJARoVyUyJcC4RhjshILohwbg&q=la,https://www.google.com/maps?cid=13312959056770579334,-7.0712744,110.4299549,None,None,"Minggu: [06.00-21.00], Senin: [06.00-21.00], Selasa: [06.00-21.00], Rabu: [06.00",https://lh5.googleusercontent.com/p/AF1QipOhgPmrq9OFpbZ6aTwaQFs5ZApnDZKsfQn_YCU0
Tatarapi Laundry and Wet Clean,"Jl. Durian Raya No.16, Srondol Wetan, Kec. Banyumanik, Kota Semarang, Jawa Tenga",Srondol Wetan,"Layanan Binatu, Binatu",Asia/Jakarta,"0811-2898-818, +62 811-2898-818",YES,159,4.8,https://search.google.com/local/reviews?placeid=ChIJua7_aVOJcC4RxPtBXg3RLB4&q=la,https://www.google.com/maps?cid=2174342575459269572,-7.0609493,110.4155983,None,None,"Minggu: [07.00-20.00], Senin: [07.00-20.00], Selasa: [07.00-20.00], Rabu: [07.00",https://lh5.googleusercontent.com/p/AF1QipND7O2YyV9ORps28RO1zTxDd-bYPVdMWD7vuoZh
Star Laundry,"Jl. Ngesrep Tim. V No.78, Sumurboto, Kec. Banyumanik, Kota Semarang, Jawa Tengah",Sumurboto,Binatu Cucian Kering,Asia/Jakarta,"0851-0312-9670, +62 851-0312-9670",YES,118,4.9,https://search.google.com/local/reviews?placeid=ChIJ2fnIs_iLcC4RaOFWu-Y385k&q=la,https://www.google.com/maps?cid=11093271771268702568,-7.051225,110.42524,None,None,"Minggu: [08.00-20.30], Senin: [08.00-20.30], Selasa: [08.00-20.30], Rabu: [08.00",https://lh5.googleusercontent.com/p/AF1QipMG5Qd9zSJoJsNQvh0gDrmoLnjwvaSrqTmldF26
B Clean Laundry Banyumanik,"Jalan Kanfer Raya 1E, Pedalangan, Banyumanik, Padangsari, Kec. Banyumanik, Kota ",Padangsari,Binatu,Asia/Jakarta,"0815-6559-911, +62 815-6559-911",NO,47,3.9,https://search.google.com/local/reviews?placeid=ChIJM6sfh7OOcC4RwVJ9g7eqdEk&q=la,https://www.google.com/maps?cid=5293043167228940993,-7.0716367,110.4297487,None,None,"Minggu: [09.00-21.00], Senin: [09.00-21.00], Selasa: [09.00-21.00], Rabu: [09.00",https://lh5.googleusercontent.com/p/AF1QipNq8-kD-zIlTsirGwO0fHCXh5gHD2-d_3qv5kQd
"FLASH CLEAN LAUNDRY EXPRESS CABANG GEDAWANG, LAUNDRY SEPATU, STROLLER, BEDCOVER","RT.03/RW.08, Gedawang, Kec. Banyumanik, Kota Semarang, Jawa Tengah 50266",Kec. Banyumanik,Layanan Binatu,Asia/Jakarta,"0858-7698-4888, +62 858-7698-4888",YES,31,5.0,https://search.google.com/local/reviews?placeid=ChIJNyMmdwCJcC4RQ5G-kcOQ2Mg&q=la,https://www.google.com/maps?cid=14472476572193296707,-7.0882501,110.4234521,https://www.flashlaundryexpress.com/,flashlaundryexpress.com,"Minggu: [06.30-20.00], Senin: [06.30-20.00], Selasa: [06.30-20.00], Rabu: [06.30",https://lh5.googleusercontent.com/p/AF1QipORVUYMjctkSw-gRUm2APZKFWp01sG9qgeg5Dyq
Homey Laundry,"Jl. Durian Raya No.9, Pedalangan, Kec. Banyumanik, Kota Semarang, Jawa Tengah 50",Pedalangan,Layanan Binatu,Asia/Jakarta,"0811-2898-688, +62 811-2898-688",YES,59,5.0,https://search.google.com/local/reviews?placeid=ChIJHyHxOySPcC4R38XXdu01uTw&q=la,https://www.google.com/maps?cid=4375587806984521183,-7.065029099999999,110.4287133,None,None,"Minggu: [08.00-22.00], Senin: [08.00-22.00], Selasa: [08.00-22.00], Rabu: [08.00",https://lh5.googleusercontent.com/p/AF1QipMmFi0UFvVZjOqVQmKdx3yB1oGaGTsu2x4dSRep
Laundry Semarang,"Jl. Tusam Raya L-6, Pedalangan, Kec. Banyumanik, Kota Semarang, Jawa Tengah 5026",Pedalangan,Binatu,Asia/Jakarta,"0821-1133-5757, +62 821-1133-5757",YES,79,4.5,https://search.google.com/local/reviews?placeid=ChIJGyJ46EyJcC4RF0SnM6yF0CU&q=la,https://www.google.com/maps?cid=2724824749206619159,-7.0700087,110.4243818,http://www.tukangcucilaundry.com/,tukangcucilaundry.com,"Minggu: [07.00-21.00], Senin: [07.00-21.00], Selasa: [07.00-21.00], Rabu: [07.00",https://lh5.googleusercontent.com/p/AF1QipNUnWwoZHN38NcEXO8QkS5-pHq4G9pf1iMTtAzc
AW LAUNDRY,"Jl. Kesatrian, Jatingaleh, Kec. Candisari, Kota Semarang, Jawa Tengah 50254",Jatingaleh,Binatu,Asia/Jakarta,"0858-0028-0006, +62 858-0028-0006",YES,87,4.7,https://search.google.com/local/reviews?placeid=ChIJ967y5YiLcC4R_j-g7dyLaIM&q=la,https://www.google.com/maps?cid=9468971997542236158,-7.0281403,110.4222053,https://instagram.com/awlaundry04?igshid=OGQ5ZDc2ODk2ZA==,instagram.com,"Minggu: [08.00-22.00], Senin: [08.00-22.00], Selasa: [08.00-22.00], Rabu: [08.00",https://lh5.googleusercontent.com/p/AF1QipNHGI_NSj8IFZKnju4gOZJsjZwpNz6l7efM38fT
Clean Laundry,"XCJQ+7M6, Jl. Gn. Sari, RT.04/RW.09, Jomblang, Kec. Candisari, Kota Semarang, Ja",Jl. Gn. Sari,Binatu,Asia/Jakarta,"0852-2525-2533, +62 852-2525-2533",NO,3,5.0,https://search.google.com/local/reviews?placeid=ChIJ90m8RmOMcC4Rdc5iXzY5wMk&q=la,https://www.google.com/maps?cid=14537682502843289205,-7.0193403,110.439141,None,None,"Minggu: [07.00-20.00], Senin: [07.00-20.00], Selasa: [07.00-20.00], Rabu: [07.00",https://lh5.googleusercontent.com/p/AF1QipPWFNbl017hLkBpELNYS83iO32imPUFd0Kx6_uG
Valentine Laundry,"Jl. Kagok Dalam I No.810, Wonotingal, Kec. Candisari, Kota Semarang, Jawa Tengah",Wonotingal,Layanan Binatu,Asia/Jakarta,"0888-2465-084, +62 888-2465-084",YES,20,4.7,https://search.google.com/local/reviews?placeid=ChIJ_f__v36LcC4RuhUqdAd2uhw&q=la,https://www.google.com/maps?cid=2070096753115927994,-7.0096838,110.4182845,None,None,"Minggu: [09.00-17.00], Senin: [09.00-17.00], Selasa: [09.00-17.00], Rabu: [08.00",https://lh5.googleusercontent.com/p/AF1QipO5QbNyA8E31Rp0a35i_Wx63n35WC6gAlopzp8u
Handika laundry,"Jl. Talang No.111, Candi, Kec. Candisari, Kota Semarang, Jawa Tengah 50252",Candi,Binatu,Asia/Jakarta,None,NO,1,5.0,https://search.google.com/local/reviews?placeid=ChIJHQf5thuNcC4RmYuzb1GO7tc&q=la,https://www.google.com/maps?cid=15559530243029175193,-7.015634899999999,110.4260621,None,None,"Minggu: [06.00-21.00], Senin: [06.00-21.00], Selasa: [06.00-21.00], Rabu: [06.00",https://streetviewpixels-pa.googleapis.com/v1/thumbnail?panoid=sERqmZBhuJOReYorW
Laundry Nasywa,"Jl. Jangli Krajan II No.6 blok c, RT.3/RW.6, Karanganyar Gn., Kec. Candisari, Ko","RT.3/RW.6, Karanganyar Gn.",Binatu,Asia/Jakarta,"0857-4226-5187, +62 857-4226-5187",YES,12,4.6,https://search.google.com/local/reviews?placeid=ChIJIUv9G3eMcC4ROVEvEJcyJRE&q=la,https://www.google.com/maps?cid=1235449297176056121,-7.0280269,110.4302013,None,None,"Minggu: [07.00-20.00], Senin: [07.00-20.00], Selasa: [07.00-20.00], Rabu: [07.00",https://lh5.googleusercontent.com/p/AF1QipOmz7uykNXjbEccLxEOcj9SqT6sAM8blAuM-nsu
BAGAS LAUNDRY,"Jalan jangli tlawah 8 RT 3 RW 9 Karanganyar gunung Candisari, Jatingaleh, Kec. C",Jatingaleh,Binatu,Asia/Jakarta,"0838-6990-0254, +62 838-6990-0254",NO,2,5.0,https://search.google.com/local/reviews?placeid=ChIJL5F5-HeMcC4RsQNltGZkNNY&q=la,https://www.google.com/maps?cid=15435072215181493169,-7.0262571,110.4264506,None,None,"Minggu: [06.00-19.00], Senin: [06.00-19.00], Selasa: [06.00-19.00], Rabu: [06.00",https://lh5.googleusercontent.com/p/AF1QipMmVCvibgJaFlBf0_zCnaMZNyaXUHb5JF-r8htQ
Laundry Kharisma,"XCC9+6H4, Jl. Kesatrian, Jatingaleh, Kec. Candisari, Kota Semarang, Jawa Tengah ",Jl. Kesatrian,Layanan Binatu,Asia/Jakarta,"0813-2712-4323, +62 813-2712-4323",NO,79,4.3,https://search.google.com/local/reviews?placeid=ChIJxcfo3I6LcC4Rb7SyvSeoOYg&q=la,https://www.google.com/maps?cid=9816061751470503023,-7.0294817,110.4189546,None,None,"Minggu: [07.30-20.00], Senin: [07.30-20.00], Selasa: [07.30-20.00], Rabu: [07.30",https://lh5.googleusercontent.com/p/AF1QipOmf82rXIs-yiZfxHDYubMyvDfsfhl0YIZBn5-G
Makmur Laundry,"Jalan Jomblang Barat II Nomor 582-A, RT.002/RW.003, Candi, Kec. Candisari, Kota ","RT.002/RW.003, Candi",Binatu Cucian Kering,Asia/Jakarta,"0896-0319-9044, +62 896-0319-9044",YES,7,5.0,https://search.google.com/local/reviews?placeid=ChIJMUafO4OMcC4R7SoDKYQ6ZHQ&q=la,https://www.google.com/maps?cid=8386892745368873709,-7.006120999999999,110.430193,None,None,"Minggu: [08.00-21.00], Senin: [08.00-21.00], Selasa: [08.00-21.00], Rabu: [08.00",https://lh5.googleusercontent.com/p/AF1QipPVo03Ei6rjhhhOxqJjQJXTjGwhkSK4OZ8fp57C
Jleger Laundry,"Jl. Jomblang Sari No.10 A, Jomblang, Kec. Candisari, Kota Semarang, Jawa Tengah ",Jomblang,Binatu,Asia/Jakarta,"(024) 86452757, +62 24 86452757",NO,12,4.3,https://search.google.com/local/reviews?placeid=ChIJ2dOoOoSMcC4Ro9GBOXBP0gw&q=la,https://www.google.com/maps?cid=923888216984113571,-7.0096719,110.4344668,None,None,"Minggu: [08.00-21.00], Senin: [08.00-21.00], Selasa: [08.00-21.00], Rabu: [08.00",https://lh5.googleusercontent.com/p/AF1QipOeqX6sscCh5YYsPziGA69wg2Mix0ry9dNAuxCo
Ditta Laundry,"XCFJ+XPV, Karanganyar Gn., Kec. Candisari, Kota Semarang, Jawa Tengah 50255",Karanganyar Gunung,Binatu,Asia/Jakarta,"0856-4004-6067, +62 856-4004-6067",NO,4,4.8,https://search.google.com/local/reviews?placeid=ChIJZXzS8HmMcC4Rx0UWcHdIeEc&q=la,https://www.google.com/maps?cid=5149945851716978119,-7.025002499999999,110.4317818,None,None,"Minggu: [08.00-18.00], Senin: [08.00-18.00], Selasa: [08.00-18.00], Rabu: [08.00",https://streetviewpixels-pa.googleapis.com/v1/thumbnail?panoid=CEjOAu9bWoHC6Awhg
AM Laundry,"Jl. Gajah Tim. Dalam I No.9D, Gayamsari, Kec. Gayamsari, Kota Semarang, Jawa Ten",Gayamsari,Binatu,Asia/Jakarta,"0823-2306-0077, +62 823-2306-0077",YES,12,4.7,https://search.google.com/local/reviews?placeid=ChIJbTS3x62NcC4RBjfkk7ynWsA&q=la,https://www.google.com/maps?cid=13860575231563020038,-6.993714499999999,110.4504074,None,None,"Minggu: [06.00-21.00], Senin: [06.00-21.00], Selasa: [06.00-21.00], Rabu: [06.00",https://lh5.googleusercontent.com/p/AF1QipPL9Vjq52ztmHK1zQao8bfuTDIfnB9Ng9tp7fTW
Smile Laundry,"Jalan Kanguru Raya No.mor 62, Gayamsari, Kec. Gayamsari, Kota Semarang, Jawa Ten",Gayamsari,Layanan Binatu,Asia/Jakarta,"0857-1371-5853, +62 857-1371-5853",YES,12,4.6,https://search.google.com/local/reviews?placeid=ChIJ-ds_-r-McC4R7W15yCnf8Vw&q=la,https://www.google.com/maps?cid=6697379491426692589,-6.9939439,110.4496212,None,None,"Minggu: [05.30-21.00], Senin: [05.30-21.00], Selasa: [05.30-21.00], Rabu: [05.30",https://lh5.googleusercontent.com/p/AF1QipNwx7Bbw1agPTl4Ll23R9J98E1PwBokWsnhMDnV
Family Laundry,"Jl. Gajah Tim. Dalam IV No.mor 37, Gayamsari, Kec. Gayamsari, Kota Semarang, Jaw",Gayamsari,Layanan Binatu,Asia/Jakarta,"0895-3582-35952, +62 895-3582-35952",NO,1,5.0,https://search.google.com/local/reviews?placeid=ChIJoSVaQ8CMcC4Rz8ST_taKK4M&q=la,https://www.google.com/maps?cid=9451800898965849295,-6.993729699999999,110.4494706,None,None,"Minggu: [06.00-23.00], Senin: [06.00-23.00], Selasa: [06.00-23.00], Rabu: [06.00",https://streetviewpixels-pa.googleapis.com/v1/thumbnail?panoid=dlhzEBywZjnmDnxs3
ASTRO CLEAN LAUNDRY,"Jl. Gajah Raya No.46, Pandean Lamper, Kec. Gayamsari, Kota Semarang, Jawa Tengah",Pandean Lamper,Binatu Cucian Kering,Asia/Jakarta,"0812-1594-2587, +62 812-1594-2587",YES,13,4.9,https://search.google.com/local/reviews?placeid=ChIJydE25guNcC4RhOxeGKhQTyw&q=la,https://www.google.com/maps?cid=3192859343722572932,-6.9955208,110.4462755,None,None,"Minggu: [08.00-20.00], Senin: [08.00-20.00], Selasa: [08.00-20.00], Rabu: [08.00",https://lh5.googleusercontent.com/p/AF1QipNQkp13ZyVH_12ERDyHsZl3qODdRN18M6RwYX4I
Tian Laundry cabang,"Pandean Lamper, Kec. Gayamsari, Kota Semarang, Jawa Tengah 50249",Kec. Gayamsari,Binatu,Asia/Jakarta,"0895-3972-52632, +62 895-3972-52632",YES,1,5.0,https://search.google.com/local/reviews?placeid=ChIJMzTUk76McC4R1DqpTWjVq7Y&q=la,https://www.google.com/maps?cid=13162848979876657876,-6.9913135,110.4452325,None,None,"Minggu: [07.30-19.30], Senin: [07.30-19.30], Selasa: [07.30-19.30], Rabu: [07.30",https://lh5.googleusercontent.com/p/AF1QipO77uf_BGltqlNRISuCW0lkhbTVe0UvHqBfG4MY
Denis Laundry,"Jalan Sanggrahan No 19 Melati Baru semarang timur, Siwalan, Kec. Gayamsari, Kota",Siwalan,Binatu,Asia/Jakarta,"0857-4078-9033, +62 857-4078-9033",NO,1,5.0,https://search.google.com/local/reviews?placeid=ChIJOb-e-bWMcC4R9iew9kZheYo&q=la,https://www.google.com/maps?cid=9978113406830389238,-6.978737499999999,110.4497757,None,None,"Minggu: [08.00-22.00], Senin: [08.00-22.00], Selasa: [08.00-22.00], Rabu: [08.00",https://streetviewpixels-pa.googleapis.com/v1/thumbnail?panoid=78ZXgq1qlk3Um5cX6
Cakrawala Laundry,"Jl. Kanguru Tengah No.4B, Gayamsari, Kec. Gayamsari, Kota Semarang, Jawa Tengah ",Gayamsari,Binatu Cucian Kering,Asia/Jakarta,"0810-1724-456, +62 810-1724-456",NO,2,5.0,https://search.google.com/local/reviews?placeid=ChIJQ-jdLOuMcC4Rc2tIrkGuwzc&q=la,https://www.google.com/maps?cid=4018246889664703347,-6.9974696,110.4501283,None,None,"Minggu: [08.00-20.00], Senin: [08.00-20.00], Selasa: [08.00-20.00], Rabu: [08.00",https://streetviewpixels-pa.googleapis.com/v1/thumbnail?panoid=MGBITinWd4Ou8g_Wi
FLASH LAUNDRY EXPRESS CABANG JOLOTUNDO,"Jl. Jolotundo No.23, Sambirejo, Kec. Gayamsari, Kota Semarang, Jawa Tengah 50166",Sambirejo,Layanan Binatu,Asia/Jakarta,"0858-7698-4888, +62 858-7698-4888",YES,40,4.9,https://search.google.com/local/reviews?placeid=ChIJewRxNcCNcC4RyTx0u0OM4TM&q=la,https://www.google.com/maps?cid=3738423388229876937,-6.9858012,110.4459154,https://www.flashlaundryexpress.com/,flashlaundryexpress.com,"Minggu: [07.00-21.00], Senin: [07.00-21.00], Selasa: [07.00-21.00], Rabu: [07.00",https://lh5.googleusercontent.com/p/AF1QipN-AM79gU8uG71Z_l9VcTsNM0b12tygzXRZr9o=
LESTARI LAUNDRY,"2F42+GPM, Jl. Gajah Tim. Dalam I, Gayamsari, Kec. Gayamsari, Kota Semarang, Jawa",Jl. Gajah Tim. Dalam I,Layanan Binatu,Asia/Jakarta,"0857-0127-8588, +62 857-0127-8588",NO,3,5.0,https://search.google.com/local/reviews?placeid=ChIJ-RZu8QCNcC4RaIxvNZEBL1Y&q=la,https://www.google.com/maps?cid=6210184134345591912,-6.9936636,110.45181,None,None,"Minggu: [07.30-20.00], Senin: [07.30-20.00], Selasa: [07.30-20.00], Rabu: [07.30",https://lh5.googleusercontent.com/p/AF1QipMVzxyFqz3JXkM3hZIK2k0Mo0XhUnEZgQFHQvOY
Datho Laundry,"Jl. Purwosari 2, Tambakrejo, Kec. Gayamsari, Kota Semarang, Jawa Tengah 50174",Tambakrejo,Binatu,Asia/Jakarta,"0852-2511-0793, +62 852-2511-0793",YES,2,5.0,https://search.google.com/local/reviews?placeid=ChIJmwgXO4jzcC4RCgEAMdFOdGo&q=la,https://www.google.com/maps?cid=7670842725696012554,-6.9571286,110.4437635,None,None,"Minggu: [11.00-16.15], Senin: [08.00-17.00], Selasa: [08.00-17.00], Rabu: [08.00",https://lh5.googleusercontent.com/p/AF1QipOkQABzxn1pY6vGbMvgTtnWie2olTUpyI_j0EI6
NN Laundry UNNES,"W9XW+H4W, Jl. Taman Siswa, Sekaran, Kec. Gn. Pati, Kota Semarang, Jawa Tengah 50",Jl. Taman Siswa,Layanan Binatu,Asia/Jakarta,"0856-4043-9997, +62 856-4043-9997",NO,174,5.0,https://search.google.com/local/reviews?placeid=ChIJL4n8AACLcC4R4IlaiS6k2RA&q=la,https://www.google.com/maps?cid=1214182094332922336,-7.0510123,110.3953414,None,None,"Minggu: [08.00-21.00], Senin: [08.00-21.00], Selasa: [08.00-21.00], Rabu: [08.00",https://lh5.googleusercontent.com/p/AF1QipMvTJcphkEP1kTubru7gulGp9uKi9N48Mqg3zb4
Laundry O,"Gg. Cemp. Sari No.41, Sekaran, Kec. Gn. Pati, Kota Semarang, Jawa Tengah 50229",Sekaran,Layanan Binatu,Asia/Jakarta,"0813-9026-2458, +62 813-9026-2458",YES,186,5.0,https://search.google.com/local/reviews?placeid=ChIJ2Z4MT6iLcC4RyghZ4cmNINs&q=la,https://www.google.com/maps?cid=15789776191769610442,-7.0536735,110.3967673,None,None,"Minggu: [07.00-23.00], Senin: [07.00-23.00], Selasa: [07.00-23.00], Rabu: [07.00",https://lh5.googleusercontent.com/p/AF1QipME70yTJ1gBGCViI-kI4nSfhZpXgG1LE0sF7DRV
Ummul Laundry,"W98Q+7G4, Pakintelan, Kec. Gn. Pati, Kota Semarang, Jawa Tengah 50227",Pakintelan,Binatu Cucian Kering,Asia/Jakarta,"0856-4180-5008, +62 856-4180-5008",NO,10,4.8,https://search.google.com/local/reviews?placeid=ChIJOWRybQ6JcC4Rs8GwUJOlO3E&q=la,https://www.google.com/maps?cid=8159297202044322227,-7.0843528,110.3888266,None,None,"Minggu: [08.00-22.00], Senin: [08.00-22.00], Selasa: [08.00-22.00], Rabu: [08.00",https://lh5.googleusercontent.com/p/AF1QipNkbUPTgjJUkUfjzwBguSXj9S8C2SQfNSi8wv3u
YUQITA LAUNDRY,"Jl. Pete Raya, Sekaran, Kec. Gn. Pati, Kota Semarang, Jawa Tengah 50229",Sekaran,Layanan Binatu,Asia/Jakarta,"0852-2793-3932, +62 852-2793-3932",YES,16,4.8,https://search.google.com/local/reviews?placeid=ChIJy1HfD9-LcC4RuXPMy2bfyeQ&q=la,https://www.google.com/maps?cid=16485953543565243321,-7.0560218,110.3986633,None,None,"Minggu: [07.00-21.00], Senin: [07.00-21.00], Selasa: [07.00-21.00], Rabu: [07.00",https://lh5.googleusercontent.com/p/AF1QipNpx15HxAKCj_uoH6euXih3PuAIoZNG4kyzerKy
Best Laundry Self Service,"W9WV+9WW, Jl. Taman Siswa, Sekaran, Kec. Gn. Pati, Kota Semarang, Jawa Tengah 50",Jl. Taman Siswa,Layanan Binatu,Asia/Jakarta,"0857-8627-4780, +62 857-8627-4780",NO,89,5.0,https://search.google.com/local/reviews?placeid=ChIJJRZmKwCLcC4RJqzdACfrPps&q=la,https://www.google.com/maps?cid=11186637077185670182,-7.054009499999999,110.3948213,None,None,"Minggu: [07.00-02.00], Senin: [07.00-02.00], Selasa: [07.00-02.00], Rabu: [07.00",https://lh5.googleusercontent.com/p/AF1QipMOEP8H1oOS8UZPMDj-2h3q69G87Cq6xNdVEyj1
Laundry Room UNNES,"Jl. Pete Raya No.04, RT.05/RW.1, Sekaran, Kec. Gn. Pati, Kota Semarang, Jawa Ten","RT.05/RW.1, Sekaran","Layanan Binatu, Pusat Bisnis, Jasa Pembersih Karpet, Pemasok peralatan binatu ya",Asia/Jakarta,"0857-4135-2710, +62 857-4135-2710",YES,184,4.9,https://search.google.com/local/reviews?placeid=ChIJyaK3y9aLcC4RbZ_U8765hsY&q=la,https://www.google.com/maps?cid=14305325496174681965,-7.056887799999999,110.3981034,None,None,"Minggu: [08.00-20.30], Senin: [08.00-20.30], Selasa: [08.00-20.30], Rabu: [08.00",https://lh5.googleusercontent.com/p/AF1QipO1aNbIawIDzCJ7eX3PqgpO2xmRf0aL599e5VGB
Anugrah Laundry,"Jl. Raya Manyaran-Gunungpati No.30, Gunungpati, Kec. Gn. Pati, Kota Semarang, Ja",Gunungpati,Binatu,Asia/Jakarta,"0813-9023-0320, +62 813-9023-0320",NO,9,4.6,https://search.google.com/local/reviews?placeid=ChIJdZtCx7uJcC4Rs3gliqCpqTk&q=la,https://www.google.com/maps?cid=4155038638203566259,-7.0864408,110.3619056,None,None,"Minggu: [07.00-21.00], Senin: [07.00-21.00], Selasa: [07.00-21.00], Rabu: [07.00",https://lh5.googleusercontent.com/p/AF1QipPjwjCOFCSLdMfieeQst_ZO4a5LCGxW4mxOdqfz
BKH Laundry,"Jl. Raya Cangkiran-Gunungpati, Gunungpati, Kec. Mijen, Kota Semarang, Jawa Tenga",Gunungpati,Binatu Cucian Kering,Asia/Jakarta,"0821-3254-2948, +62 821-3254-2948",YES,8,4.8,https://search.google.com/local/reviews?placeid=ChIJ-8dZ1XNjcC4RnY7tmxAq0Yo&q=la,https://www.google.com/maps?cid=10002822498190462621,-7.0873108,110.3117935,None,None,"Minggu: [06.30-19.30], Senin: [06.30-19.30], Selasa: [06.30-19.30], Rabu: [06.30",https://lh5.googleusercontent.com/p/AF1QipO9EVF5aXVffZyEpGS3AOf9gZFJYx9Dst_wSFKO
LAUNDRY PAPA JL TAMAN SISWA,"Jl. Taman Siswa No.8b, Sekaran, Kec. Gn. Pati, Kota Semarang, Jawa Tengah 50229",Sekaran,Binatu,Asia/Jakarta,"0896-7101-5466, +62 896-7101-5466",YES,52,5.0,https://search.google.com/local/reviews?placeid=ChIJy83p-2iLcC4RXu0LCaRI014&q=la,https://www.google.com/maps?cid=6832884929014787422,-7.0529325,110.3950365,https://www.instagram.com/papa_laundryy?igsh=N2JrbnEwYXNvODg5&utm_source=qr,instagram.com,"Minggu: [09.00-22.00], Senin: [09.00-22.00], Selasa: [09.00-22.00], Rabu: [09.00",https://lh5.googleusercontent.com/p/AF1QipMTqZNMI6dqFjXBPUYcWBVYoGmq2Qp2BEr-cyOE
Bebek Laundry Gunungpati,"Jl. Raya Banaran No.105, Sekaran, Kec. Gn. Pati, Kota Semarang, Jawa Tengah 5022",Sekaran,Layanan Binatu,Asia/Jakarta,"0813-1991-4418, +62 813-1991-4418",NO,1,5.0,https://search.google.com/local/reviews?placeid=ChIJK6IO8VuLcC4RaGU6zFwjnKA&q=la,https://www.google.com/maps?cid=11573164023905674600,-7.0458881,110.3906117,None,None,"Minggu: [08.00-21.00], Senin: [08.00-21.00], Selasa: [08.00-21.00], Rabu: [08.00",https://streetviewpixels-pa.googleapis.com/v1/thumbnail?panoid=T3ksxcmLDzLr9V_FO
Cahaya Laundry Mijen,"Jalan Wonolopo Rt 01 Rw 10, Wonolopo, Mijen, Wonolopo, Kec. Mijen, Kota Semarang",Wonolopo,Layanan Binatu,Asia/Jakarta,"0896-1935-0886, +62 896-1935-0886",YES,17,4.7,https://search.google.com/local/reviews?placeid=ChIJR6xJF-5hcC4Rmm6BPO3PW08&q=la,https://www.google.com/maps?cid=5718392769706290842,-7.0507467,110.3141468,None,None,"Minggu: [06.30-21.00], Senin: [06.30-21.00], Selasa: [06.30-21.00], Rabu: [06.30",https://lh5.googleusercontent.com/p/AF1QipOtaQq9my-5Tyth09CwFSFBAIoFeSgJF3qzUXxU
Amanah Laundry and Shoes Care,"W8X9+HRM, Mijen, Kec. Mijen, Kota Semarang, Jawa Tengah 50519",Mijen,Binatu,Asia/Jakarta,"0851-5899-2825, +62 851-5899-2825",NO,10,5.0,https://search.google.com/local/reviews?placeid=ChIJ1zPae7JhcC4RqglKjaVHLnI&q=la,https://www.google.com/maps?cid=8227592345618090410,-7.0511003,110.3195303,None,None,"Minggu: [08.00-20.00], Senin: [08.00-20.00], Selasa: [08.00-20.00], Rabu: [08.00",https://lh5.googleusercontent.com/p/AF1QipNnSoSh_Dknz-JwQXytVBGetmZJi6CI6GY9z155
Qumbah laundry,"W8M6+XJM, Jl. Rm. Hadisoebeno Sosro Wardoyo, Jatisari, Kec. Mijen, Kota Semarang",Jl. Rm. Hadisoebeno Sosro Wardoyo,Layanan Binatu,Asia/Jakarta,"0813-2769-0063, +62 813-2769-0063",YES,54,4.8,https://search.google.com/local/reviews?placeid=ChIJiSmdc09jcC4RNzjvBoUhQRg&q=la,https://www.google.com/maps?cid=1747714985627170871,-7.0650434,110.3115558,None,None,"Minggu: [07.00-20.00], Senin: [07.00-20.00], Selasa: [07.00-20.00], Rabu: [07.00",https://lh5.googleusercontent.com/p/AF1QipMf0cptY-6I6lPJlpsB77uXBO27N9RGABeI9Ziz
LaundryKlin BSB,"X84C+FQG, Blk. B, Pesantren, Kec. Mijen, Kota Semarang, Jawa Tengah 50212",Blk. B,Binatu,Asia/Jakarta,None,NO,52,4.8,https://search.google.com/local/reviews?placeid=ChIJ3RxtYBxhcC4RA1W9brwIGfM&q=la,https://www.google.com/maps?cid=17517041831039030531,-7.043814299999999,110.3219494,None,None,"Minggu: [08.00-21.00], Senin: [08.00-21.00], Selasa: [08.00-21.00], Rabu: [08.00",https://lh5.googleusercontent.com/p/AF1QipOXZ9ZI-UV9XmxuYyVFir7xAe-3YHLXVw-LnzAt
Laundry Rakyat Mijen,"Jalan hadisubeno, Mijen, Kec. Mijen, Kota Semarang, Jawa Tengah",Mijen,Layanan Binatu,Asia/Jakarta,"0895-3332-29404, +62 895-3332-29404",YES,16,4.9,https://search.google.com/local/reviews?placeid=ChIJ_yvdyzpjcC4R_pHXH3cQivQ&q=la,https://www.google.com/maps?cid=17620914595861860862,-7.0643439,110.3115004,None,None,"Minggu: [06.30-20.30], Senin: [06.30-20.30], Selasa: [06.30-20.30], Rabu: [06.30",https://lh5.googleusercontent.com/p/AF1QipPnK0yTh96U5q0InO91YcsXbEyL_k1tBzODZ7SD
DeDiana Laundry,"Ruko Emerald Green BSB City, Blk. A No.17, Jatibarang, Mijen, Semarang City, Cen",Blk. A No.17,Layanan Binatu,Asia/Jakarta,"0813-2471-2729, +62 813-2471-2729",YES,21,4.8,https://search.google.com/local/reviews?placeid=ChIJu3xDzj9hcC4Rcy9-lwBFpbM&q=la,https://www.google.com/maps?cid=12944828572790304627,-7.0450082,110.3263723,None,None,"Minggu: [08.00-20.00], Senin: [08.00-20.00], Selasa: [08.00-20.00], Rabu: [08.00",https://lh5.googleusercontent.com/p/AF1QipPELC41XnwJcCcqV4bXHzPRx_p7qZc1_aIwi9T3
Cipta Laundry,"Jalan Salyo Nomor 44, Wonolopo, Mijen, Mijen, Kec. Mijen, Kota Semarang, Jawa Te",Mijen,Binatu Cucian Kering,Asia/Jakarta,"0877-3178-4687, +62 877-3178-4687",NO,2,4.5,https://search.google.com/local/reviews?placeid=ChIJjdTJJfBhcC4RXdWVJdvH04w&q=la,https://www.google.com/maps?cid=10147674129438201181,-7.0519307,110.3163194,None,None,"Minggu: [08.00-20.00], Senin: [08.00-20.00], Selasa: [08.00-20.00], Rabu: [08.00",https://streetviewpixels-pa.googleapis.com/v1/thumbnail?panoid=UqK_zIEj3CzBHVQX4
Tegar Laundry Mijen,"Jl. Rm. Hadisoebeno Sosro Wardoyo, Mijen, Kec. Mijen, Kota Semarang, Jawa Tengah",Mijen,"Binatu Cucian Kering, Binatu",Asia/Jakarta,"0852-2622-8559, +62 852-2622-8559",YES,8,3.9,https://search.google.com/local/reviews?placeid=ChIJ2YBxQR5icC4RUKRiQF1M5XY&q=la,https://www.google.com/maps?cid=8567337829538112592,-7.063419,110.311324,None,None,"Minggu: [07.00-20.30], Senin: [07.00-20.30], Selasa: [07.00-20.30], Rabu: [07.00",https://lh5.googleusercontent.com/p/AF1QipPhi-YpkSV0LPMov7xF2FOeNS_ZowhsTg5xB_iK
Aisha laundry mijen semarang,"Villa jatimas 3 No.6, kedunpane, Kec. Mijen, Kota Semarang, Jawa Tengah 50211",kedunpane,Layanan Binatu,Asia/Jakarta,None,NO,1,5.0,https://search.google.com/local/reviews?placeid=ChIJyQb8KumLcC4Rg3cUdXQNdu4&q=la,https://www.google.com/maps?cid=17182936222110349187,-7.0030782,110.3585438,None,None,None,https://lh5.googleusercontent.com/p/AF1QipN8xAa5FZHmX9UlLC9ImOey3jCClp6oa3E4Nfuu
Aisha laundry mijen,"Villa jatimas 3 No.10, RT.et.02/RW.03, Kedungpane, Kec. Mijen, Kota Semarang, Ja","RT.et.02/RW.03, Kedungpane",Binatu,Asia/Jakarta,"0856-0646-6755, +62 856-0646-6755",YES,1,5.0,https://search.google.com/local/reviews?placeid=ChIJV2crs_OLcC4Rl34eC93n2vg&q=la,https://www.google.com/maps?cid=17931899802889387671,-7.037341499999999,110.3412505,None,None,"Minggu: [14.00-19.00], Senin: [08.00-19.00], Selasa: [08.00-19.00], Rabu: [08.00",None
BE WASH Laundry Ngaliyan Semarang,"Jl. Prof. Dr. Hamka No.18, Tambakaji, Kec. Ngaliyan, Kota Semarang, Jawa Tengah ",Tambakaji,Binatu,Asia/Jakarta,"0878-6555-1100, +62 878-6555-1100",YES,43,4.9,https://search.google.com/local/reviews?placeid=ChIJ51JJ5_CLcC4RLFHi896-ack&q=la,https://www.google.com/maps?cid=14513341138961846572,-6.988555,110.3572999,None,None,"Minggu: [08.00-20.00], Senin: [08.00-20.00], Selasa: [08.00-20.00], Rabu: [08.00",https://lh5.googleusercontent.com/p/AF1QipNJAOFZ-XfKFDM1e7bx6fO2YS_BVjBvE79y3GJ9
Best Laundry Self Service Ngaliyan,"Jl. Prof. Dr. Hamka No.99, Bringin, Kec. Ngaliyan, Kota Semarang, Jawa Tengah 50",Bringin,Binatu,Asia/Jakarta,"0812-2722-7911, +62 812-2722-7911",YES,380,4.7,https://search.google.com/local/reviews?placeid=ChIJZ1Ky8L2LcC4RmCdM30PEWMI&q=la,https://www.google.com/maps?cid=14004158837096720280,-6.998563,110.3436029,None,None,"Minggu: [07.00-22.00], Senin: [07.00-22.00], Selasa: [07.00-22.00], Rabu: [07.00",https://lh5.googleusercontent.com/p/AF1QipPPX_HHA1r5H0tm7Yczmn6uK8UJk1bdLkxhsnk-
"Resik Laundry, Ngaliyan Semarang","Jl. Watu Wila Permata Puri Blok D8A No. 10, Bringin, Kec. Ngaliyan, Kota Semaran",Bringin,Binatu Cucian Kering,Asia/Jakarta,"0899-8970-645, +62 899-8970-645",YES,29,4.9,https://search.google.com/local/reviews?placeid=ChIJbf2rKRqLcC4RvScr9W_ZpO8&q=la,https://www.google.com/maps?cid=17268165946123167677,-7.0023351,110.3343588,None,None,None,https://lh5.googleusercontent.com/p/AF1QipN-p0KIiVBVlW5lid2_TWpm5Qke4GYeD7EEA1cS
Dean Laundry Ngaliyan,"Depan/Sebrang PGSD UNNES, Jl. Raya Beringin Kios No.3, Tambakaji, Kec. Ngaliyan,",Jl. Raya Beringin Kios No.3,Binatu Cucian Kering,Asia/Jakarta,"0822-7481-9997, +62 822-7481-9997",YES,19,5.0,https://search.google.com/local/reviews?placeid=ChIJBadUkrRhcC4R1X7pDC_cB60&q=la,https://www.google.com/maps?cid=12468176188036710101,-6.98292,110.3284393,https://instagram.com/deanlaundry.ngaliyan?igshid=YmMyMTA2M2Y=,instagram.com,"Minggu: [09.00-18.00], Senin: [09.00-18.00], Selasa: [18.00-00.00], Rabu: [00.00",https://lh5.googleusercontent.com/p/AF1QipM6ybXdHip3hX7Bub9fXonetqSrpoO6nRmKAQxu
Cika Laundry & Drycleaning,"Jl. Prof. Dr. Hamka, Bringin, Kec. Ngaliyan, Kota Semarang, Jawa Tengah 50181",Bringin,"Layanan Binatu, Perusahaan, Binatu Cucian Kering, Toko",Asia/Jakarta,"0815-6603-444, +62 815-6603-444",YES,258,4.7,https://search.google.com/local/reviews?placeid=ChIJfWFJUr2KcC4RyW9NsU9WPO8&q=la,https://www.google.com/maps?cid=17238748373944463305,-6.998563,110.343522,None,None,"Minggu: [07.00-22.00], Senin: [07.00-22.00], Selasa: [07.00-22.00], Rabu: [07.00",https://lh5.googleusercontent.com/p/AF1QipP1LnMqg6EfIvy5WlM6iBdjD-MSuSHDzwyGFFCz
Puha Laundry & Dry Clean,"Jl. Prof. Dr. Hamka No.9, Tambakaji, Kec. Ngaliyan, Kota Semarang, Jawa Tengah 5",Tambakaji,Binatu Cucian Kering,Asia/Jakarta,"0855-4000-9008, +62 855-4000-9008",YES,16,4.8,https://search.google.com/local/reviews?placeid=ChIJBbF-rnGLcC4RQfCszGFJ0ys&q=la,https://www.google.com/maps?cid=3157948448111390785,-6.997700399999999,110.3454485,None,None,"Minggu: [07.00-21.00], Senin: [07.00-21.00], Selasa: [07.00-21.00], Rabu: [07.00",https://lh5.googleusercontent.com/p/AF1QipNtHdpupKWbWeZ-2eCaXtjhq_5xlJciDss-b03m
Laundry Zone Ngaliyan,"Jl. Raya Ngaliyan No.46, Tambakaji, Kec. Ngaliyan, Kota Semarang, Jawa Tengah 50",Tambakaji,"Layanan Binatu, Binatu, Layanan Pembersih Kulit",Asia/Jakarta,"0812-2226-4404, +62 812-2226-4404",YES,41,3.9,https://search.google.com/local/reviews?placeid=ChIJQXhcI7yKcC4R0QotHobCkzA&q=la,https://www.google.com/maps?cid=3500355216684681937,-6.995543,110.348008,None,None,"Minggu: [07.00-19.00], Senin: [07.00-19.00], Selasa: [07.00-19.00], Rabu: [07.00",https://lh5.googleusercontent.com/p/AF1QipNoK_23TGIkL0eBKT3kT0WoHOtDgnU3uAqH14DQ
Ida Laundry,"Beji Sari, RT04/RW13, Tambakaji, Kec. Ngaliyan, Kota Semarang, Jawa Tengah 50185",Tambakaji,Binatu Cucian Kering,Asia/Jakarta,"0852-0171-4240, +62 852-0171-4240",YES,11,4.9,https://search.google.com/local/reviews?placeid=ChIJT-_Hx6WKcC4RgrPltJWATYk&q=la,https://www.google.com/maps?cid=9893705336876282754,-6.9876054,110.343351,None,None,"Minggu: [06.00-22.00], Senin: [06.00-22.00], Selasa: [06.00-22.00], Rabu: [06.00",https://lh5.googleusercontent.com/p/AF1QipOJMlnnm3Wu_5xhUcE_0hls-K1aiOzjeQdog-vY
Detail Laundry,"Jl. Raya Beringin, Tambakaji, Kec. Ngaliyan, Kota Semarang, Jawa Tengah 50189",Tambakaji,Binatu,Asia/Jakarta,"0878-6333-4828, +62 878-6333-4828",YES,12,4.7,https://search.google.com/local/reviews?placeid=ChIJq9l3gzJhcC4RUXdFFX1TI5Y&q=la,https://www.google.com/maps?cid=10818582526566954833,-6.9924173,110.3264904,https://detail.pesanlaundry.com/,detail.pesanlaundry.com,"Minggu: [07.00-16.00], Senin: [07.00-20.00], Selasa: [07.00-20.00], Rabu: [07.00",https://lh5.googleusercontent.com/p/AF1QipOhQuFjm49NMnFH26rvP1j8zhrzUTru8oDP_5hS
Cahaya Laundry Ngaliyan,"Jalan Koptusuyono, RT 04 RW 04, Wonosari, Ngaliyan, Tambakaji, Kec. Ngaliyan, Ko",Tambakaji,Binatu Cucian Kering,Asia/Jakarta,"0819-0170-7026, +62 819-0170-7026",NO,4,4.8,https://search.google.com/local/reviews?placeid=ChIJCwAAAKWKcC4R42ZwK2WNnqA&q=la,https://www.google.com/maps?cid=11573843558048753379,-6.991784399999999,110.3398386,None,None,"Minggu: [08.00-16.00], Senin: [08.00-16.00], Selasa: [08.00-16.00], Rabu: [08.00",https://streetviewpixels-pa.googleapis.com/v1/thumbnail?panoid=T5CUhG74qWk7h_bf1
Cika Laundry,"Jl. Soekarno Hatta No.61, Palebon, Kec. Pedurungan, Kota Semarang, Jawa Tengah 5",Palebon,Binatu Cucian Kering,Asia/Jakarta,"0857-2931-5058, +62 857-2931-5058",YES,161,4.9,https://search.google.com/local/reviews?placeid=ChIJV8I8-_yMcC4R7fckCseh6Y8&q=la,https://www.google.com/maps?cid=10369997493238036461,-7.005730499999999,110.4703454,None,None,"Minggu: [06.30-22.00], Senin: [06.30-22.00], Selasa: [06.30-22.00], Rabu: [06.30",https://lh5.googleusercontent.com/p/AF1QipPe7kwkEQ4vMsdoqG22LkCa2PDOmlf-M8Z1imJq
Semarang Laundry Center - Premium Express,"B1, Jl. Tlogosari Raya 1 No.68, Tlogosari Kulon, Pedurungan, Semarang City, Cent",Jl. Tlogosari Raya 1 No.68,"Binatu, Layanan Binatu",Asia/Jakarta,"0851-7288-5577, +62 851-7288-5577",YES,148,4.8,https://search.google.com/local/reviews?placeid=ChIJOSGcJK6NcC4RCmgb0tmEE4g&q=la,https://www.google.com/maps?cid=9805326884783482890,-6.9831911,110.4596299,https://linktr.ee/semaranglaundrycenter,linktr.ee,"Minggu: [07.00-22.00], Senin: [07.00-22.00], Selasa: [07.00-22.00], Rabu: [07.00",https://lh5.googleusercontent.com/p/AF1QipPC1YF7egu8Yp_R84wb6owOO-REVHtVNj4ufTrl
Premium Plus Laundry,"Jl. Nogososro No.26, Tlogosari Kulon, Kec. Pedurungan, Kota Semarang, Jawa Tenga",Tlogosari Kulon,Binatu,Asia/Jakarta,"0812-8374-1980, +62 812-8374-1980",YES,164,4.4,https://search.google.com/local/reviews?placeid=ChIJ2wNK3deNcC4RTJ8QwsUiiDE&q=la,https://www.google.com/maps?cid=3569140937450889036,-6.9802407,110.4627585,http://www.premiumpluslaundri.com/,premiumpluslaundri.com,"Minggu: [08.00-20.00], Senin: [08.00-20.00], Selasa: [08.00-20.00], Rabu: [08.00",https://lh5.googleusercontent.com/p/AF1QipPsYuRb29AjybHgtCCQiDNqX2xAxlUm2bm6iPPt
Laundry Lorentz Pedurungan,"Jl. Panda Utara III No.27, RT.4/RW.5, Palebon, Kec. Pedurungan, Kota Semarang, J","RT.4/RW.5, Palebon",Binatu,Asia/Jakarta,"0813-2632-0138, +62 813-2632-0138",NO,10,4.8,https://search.google.com/local/reviews?placeid=ChIJt7NbGECNcC4RORzF21IFkJ4&q=la,https://www.google.com/maps?cid=11425638108071533625,-7.001701199999999,110.4625305,None,None,"Minggu: [11.45-20.00], Senin: [08.00-20.00], Selasa: [08.00-20.00], Rabu: [08.00",https://lh5.googleusercontent.com/p/AF1QipMeO98PJRAc9ippqBRhWGtWQLx-_m-bnNUN707F
Resik Laundry,"Jl. Zebra Dalam No.12, RT.004, Pedurungan Kidul, Kec. Pedurungan, Kota Semarang,","RT.004, Pedurungan Kidul",Binatu,Asia/Jakarta,"0857-2790-5019, +62 857-2790-5019",YES,67,5.0,https://search.google.com/local/reviews?placeid=ChIJpzxUtCKNcC4RjOTxylaBSiQ&q=la,https://www.google.com/maps?cid=2615044743414015116,-7.0162247,110.4782337,None,None,"Minggu: [05.30-21.30], Senin: [05.30-21.30], Selasa: [05.30-21.30], Rabu: [05.30",https://lh5.googleusercontent.com/p/AF1QipPOW9w1gVIBdkSO0XplWcozUhYhUxa0HklI5hUV
Premium Plus Laundry Majapahit,"XFPJ+5G7, Pedurungan Kidul, Kec. Pedurungan, Kota Semarang, Jawa Tengah 50192",Pedurungan Kidul,Binatu,Asia/Jakarta,"0812-8379-1980, +62 812-8379-1980",YES,26,4.6,https://search.google.com/local/reviews?placeid=ChIJgy9WDIqNcC4RAGu2YFzYQlM&q=la,https://www.google.com/maps?cid=5999595544882080512,-7.014558399999999,110.4812748,http://www.premiumpluslaundri.com/,premiumpluslaundri.com,"Minggu: [08.00-21.00], Senin: [08.00-21.00], Selasa: [08.00-21.00], Rabu: [08.00",https://lh5.googleusercontent.com/p/AF1QipPr3dAhREXPTCCe3300PFctDXuh0_1FEMCtoIH9
Laundry & Dry Clean Amerta,"Jl. Graha Mukti Raya No.385, Tlogosari Kulon, Kec. Pedurungan, Kota Semarang, Ja",Tlogosari Kulon,Binatu,Asia/Jakarta,"0813-2774-8888, +62 813-2774-8888",YES,41,4.7,https://search.google.com/local/reviews?placeid=ChIJf7JnSsOMcC4RfD-V_6aCO9c&q=la,https://www.google.com/maps?cid=15509133395544588156,-6.989970899999999,110.4617148,None,None,"Minggu: [07.00-17.00], Senin: [07.00-19.00], Selasa: [07.00-19.00], Rabu: [07.00",https://lh5.googleusercontent.com/p/AF1QipMX2BDh-PQWVTwBTQKspgddDd9p3y3CMKGQeTuC
Syifa Laundry,"Jl. Wolter Monginsidi No.102, Pedurungan Tengah, Kec. Pedurungan, Kota Semarang,",Pedurungan Tengah,Layanan Binatu,Asia/Jakarta,"0877-3959-5556, +62 877-3959-5556",YES,29,5.0,https://search.google.com/local/reviews?placeid=ChIJT1FY0fyMcC4REl7To7BzCkE&q=la,https://www.google.com/maps?cid=4686685564732399122,-7.0039756,110.4704391,None,None,"Minggu: [07.30-20.00], Senin: [07.30-20.00], Selasa: [07.30-20.00], Rabu: [07.30",https://lh5.googleusercontent.com/p/AF1QipMgZsPsGBuNke9_1VQd4ysxHefkfXjAKehI75vj
SHIROMIZU LAUNDRY EXPRESS ANTAR JEMPUT 2 JAM BERES,"Jl. Wolter Monginsidi No.375, Pedurungan Tengah, Kec. Pedurungan, Kota Semarang,",Pedurungan Tengah,Layanan Binatu,Asia/Jakarta,"0857-0156-7284, +62 857-0156-7284",YES,27,4.9,https://search.google.com/local/reviews?placeid=ChIJgbt3hhqNcC4RCeJsWq33MXk&q=la,https://www.google.com/maps?cid=8733033476366590473,-7.0024129,110.4714241,None,None,"Minggu: [08.00-21.00], Senin: [08.00-21.00], Selasa: [08.00-21.00], Rabu: [08.00",https://lh5.googleusercontent.com/p/AF1QipNY2-g1qmvF0Tc0JUg50uD_3hlpnaedhR6QPXo3
Laundry Jabrik cabang Syuhada,"Jl. Syuhada Raya No.64, Tlogosari Kulon, Kec. Pedurungan, Kota Semarang, Jawa Te",Tlogosari Kulon,"Binatu, Binatu Cucian Kering",Asia/Jakarta,"0812-2855-5069, +62 812-2855-5069",YES,55,4.4,https://search.google.com/local/reviews?placeid=ChIJEV3_S9yMcC4RrAySh0Ly4Yk&q=la,https://www.google.com/maps?cid=9935488620512283820,-6.994705499999999,110.4656775,None,None,"Minggu: [08.00-21.00], Senin: [06.30-21.00], Selasa: [06.30-21.00], Rabu: [06.30",https://lh5.googleusercontent.com/p/AF1QipN9yooyAD18mjr9Z13TuxMtjxwgz1BKwBE0Nnrc
FLASH LAUNDRY EXPRESS CABANG MANYARAN,"Jl. Untung Suropati, Manyaran, Kec. Semarang Barat, Kota Semarang, Jawa Tengah 5",Manyaran,Layanan Binatu,Asia/Jakarta,None,YES,54,5.0,https://search.google.com/local/reviews?placeid=ChIJYzdt6gSLcC4RxtG06ZVmwKc&q=la,https://www.google.com/maps?cid=12087774193919513030,-7.0088183,110.3862478,None,None,"Minggu: [07.00-21.00], Senin: [07.00-21.00], Selasa: [07.00-21.00], Rabu: [07.00",https://lh5.googleusercontent.com/p/AF1QipNP9iJOrgc2e_QmGv10UrcEiQ4fq91Ue4p3kQFg
"Kayla Laundry Semarang Barat Terdekat ,Bersih ,Rapi,Wangi","Jl. Puspanjolo Dalam IV No.3, Cabean, Kec. Semarang Barat, Kota Semarang, Jawa T",Cabean,Binatu Cucian Kering,Asia/Jakarta,"0821-3316-8171, +62 821-3316-8171",YES,15,4.9,https://search.google.com/local/reviews?placeid=ChIJd3ZBGiuLcC4RTFetu8ZLbpM&q=la,https://www.google.com/maps?cid=10623511887937886028,-6.9835685,110.3971115,https://kaylalaundrysemarang.wordpress.com/,wordpress.com,"Minggu: [07.00-20.00], Senin: [07.00-20.00], Selasa: [07.00-20.00], Rabu: [07.00",https://lh5.googleusercontent.com/p/AF1QipPFnClxH9gzOxXVLhyVwAq6WPVaw8prwEnI81_s
Express Laundry Raya,"Jl. Borobudur Utara Raya No.4, Manyaran, Kec. Semarang Barat, Kota Semarang, Jaw",Manyaran,Binatu,Asia/Jakarta,"0823-6733-8829, +62 823-6733-8829",YES,92,4.7,https://search.google.com/local/reviews?placeid=ChIJodqs5LuLcC4Rr_d9Wvc4FV0&q=la,https://www.google.com/maps?cid=6707329855064504239,-6.998564699999999,110.3788286,http://cleanpro.asia/,cleanpro.asia,"Minggu: [07.00-22.00], Senin: [07.00-22.00], Selasa: [07.00-22.00], Rabu: [07.00",https://lh5.googleusercontent.com/p/AF1QipNo-zZtvIl77EftZsCJvnkQigA3ZeEMUO3bJw7I
Laundry Naufal Puspanjolo,"Jl. Puspanjolo Dalam XI, 15 semarang, Kec. Semarang Barat, Kota Semarang, Jawa T",15 semarang,Binatu,Asia/Jakarta,"0857-1366-4415, +62 857-1366-4415",YES,51,4.9,https://search.google.com/local/reviews?placeid=ChIJA8NbfjeLcC4RE4xPNDX4Yaw&q=la,https://www.google.com/maps?cid=12421482154659122195,-6.986478699999999,110.3991421,None,None,"Minggu: [07.00-20.00], Senin: [07.00-20.00], Selasa: [07.00-20.00], Rabu: [07.00",https://lh5.googleusercontent.com/p/AF1QipPBCk0ZJCPOiuCY040CxygA2kvSTMalE3AP3NTt
ima laundry puspogiwang barat nomor 33 semarang barat,"Jl. Puspogiwang Barat No.33, Gisikdrono, Kec. Semarang Barat, Kota Semarang, Jaw",Gisikdrono,Layanan Binatu,Asia/Jakarta,"0852-2550-7199, +62 852-2550-7199",YES,6,5.0,https://search.google.com/local/reviews?placeid=ChIJxbA2NPGLcC4REc9SI7Uvmm4&q=la,https://www.google.com/maps?cid=7969734945613729553,-6.9859819,110.3901831,None,None,"Minggu: [08.00-21.00], Senin: [08.00-21.00], Selasa: [08.00-21.00], Rabu: [08.00",https://lh5.googleusercontent.com/p/AF1QipMQKsVfJSz19k1CY3h3xVO21R-zYvJkWCYG9iEN
Cika Laundry,"Jl. Anjasmoro Raya No.5, Karangayu, Kec. Semarang Barat, Kota Semarang, Jawa Ten",Karangayu,Binatu,Asia/Jakarta,"0815-6690-369, +62 815-6690-369",YES,221,4.6,https://search.google.com/local/reviews?placeid=ChIJmbOSGzKLcC4RJJb-8hrxl84&q=la,https://www.google.com/maps?cid=14886632191344678436,-6.9812906,110.3915287,None,None,"Minggu: [07.00-22.00], Senin: [07.00-22.00], Selasa: [07.00-22.00], Rabu: [07.00",https://lh5.googleusercontent.com/p/AF1QipMhTBrvN8SFlSytn0-Q_7j_WbFW-byDyrpgAeQl
Rizqi Laundry ID,"Jl. Puspanjolo Dalam VI No.19, Cabean, Kec. Semarang Barat, Kota Semarang, Jawa ",Cabean,Layanan Binatu,Asia/Jakarta,"0858-7654-9535, +62 858-7654-9535",YES,21,4.8,https://search.google.com/local/reviews?placeid=ChIJNcDn_zaLcC4Rle2_4QoNrS4&q=la,https://www.google.com/maps?cid=3363358837103914389,-6.983965,110.3994485,None,None,"Minggu: [07.00-20.00], Senin: [07.00-20.00], Selasa: [07.00-19.00], Rabu: [07.00",https://lh5.googleusercontent.com/p/AF1QipOzmbLqfaFUspRzQyviaoo3LDPpV6uwAy_AEXNz
Mulia laundry Semarang,"Jl. Sri Rejeki Raya No.247, Gisikdrono, Kec. Semarang Barat, Kota Semarang, Jawa",Gisikdrono,Binatu,Asia/Jakarta,"0857-1340-7695, +62 857-1340-7695",YES,11,5.0,https://search.google.com/local/reviews?placeid=ChIJg7udkkCLcC4RPOP7AAVqoPQ&q=la,https://www.google.com/maps?cid=17627205511252009788,-6.9933301,110.3837488,None,None,"Minggu: [08.00-20.00], Senin: [08.00-20.00], Selasa: [08.00-20.00], Rabu: [08.00",https://lh5.googleusercontent.com/p/AF1QipP9CqGY7-CLkckfZ6uXK22RYROZ_nYgBSWUzw3t
Laundry Fresh,"Jalan Lebdosari Gang VIII No.9, Kelurahan Kalibanteng Kulon, Kecamatan Semarang ",Kalibanteng Kulon,Binatu,Asia/Jakarta,"(024) 7612260, +62 24 7612260",NO,12,4.7,https://search.google.com/local/reviews?placeid=ChIJgWXeUieLcC4RPF8yOEyPDss&q=la,https://www.google.com/maps?cid=14631789796896431932,-6.992484999999999,110.379122,None,None,"Minggu: [06.00-20.00], Senin: [06.00-20.00], Selasa: [06.00-20.00], Rabu: [06.00",https://streetviewpixels-pa.googleapis.com/v1/thumbnail?panoid=Op3ghWiJXW_mmpKDm
RB Laundry,"Jl. Pamularsih XI No.17, Bojongsalaman, Kec. Semarang Barat, Kota Semarang, Jawa",Bojongsalaman,Layanan Binatu,Asia/Jakarta,"0821-3656-7134, +62 821-3656-7134",YES,73,4.4,https://search.google.com/local/reviews?placeid=ChIJe3Z2g7D0cC4RyAbESTvLyLk&q=la,https://www.google.com/maps?cid=13387173347859891912,-6.990164699999999,110.4001514,http://www.rblaundry.com/,rblaundry.com,"Minggu: [08.00-21.00], Senin: [08.00-21.00], Selasa: [08.00-21.00], Rabu: [08.00",https://lh5.googleusercontent.com/p/AF1QipOcgGO7zckJFpVhe8NGV35mPw8yT_q6JDRtoEhL
Clear&clean laundry express semarang,"Jl. Pleburan Barat No.38B, Pleburan, Kec. Semarang Sel., Kota Semarang, Jawa Ten",Pleburan,Layanan Binatu,Asia/Jakarta,"0813-2565-2228, +62 813-2565-2228",YES,66,4.6,https://search.google.com/local/reviews?placeid=ChIJmaM18YeLcC4RDf5Y4673HwU&q=la,https://www.google.com/maps?cid=369286024978300429,-6.9961923,110.4250448,None,None,"Minggu: [08.00-20.00], Senin: [08.00-20.00], Selasa: [08.00-20.00], Rabu: [08.00",https://lh5.googleusercontent.com/p/AF1QipO7PMXVzsakOMS8P6kxqOHABz7FAWuoFN6XHC0U
laundrysemarang.com,"Jl. Veteran No.40, Mugassari, Kec. Semarang Sel., Kota Semarang, Jawa Tengah 502",Mugassari,Layanan Binatu,Asia/Jakarta,"0818-292-968, +62 818-292-968",YES,84,4.7,https://search.google.com/local/reviews?placeid=ChIJdWiMjmeLcC4RhB8fZJ5Hb7c&q=la,https://www.google.com/maps?cid=13217862176965861252,-6.996268199999999,110.4153841,None,None,"Minggu: [10.00-18.00], Senin: [08.00-19.00], Selasa: [08.00-19.00], Rabu: [08.00",https://lh5.googleusercontent.com/p/AF1QipNnWXY3SolzXhaMA8LWXsm4WNmTpCOHoZvBr5Yu
GO GO Laundry Express / Best Laundry Self Service Sriwijaya,"Jl. Sriwijaya No.52, Wonodri, Kec. Semarang Sel., Kota Semarang, Jawa Tengah",Wonodri,Binatu,Asia/Jakarta,"0888-2702-121, +62 888-2702-121",YES,149,4.8,https://search.google.com/local/reviews?placeid=ChIJ029cc3OLcC4RzGxzW1wnQ0c&q=la,https://www.google.com/maps?cid=5134991277757263052,-7.0031325,110.4258901,None,None,"Minggu: [07.00-22.00], Senin: [07.00-22.00], Selasa: [07.00-22.00], Rabu: [07.00",https://lh5.googleusercontent.com/p/AF1QipOjMCd4pGFDEgQ366IUVm1Q9roQ1WA0O3_YhQV2
Mr. Laundry (Dry Clean & Laundry Hotel),"Ruko Pertokoan, No.6A, Jl. Pleburan Raya, Pleburan, Semarang Selatan, Semarang C",No.6A,Binatu Cucian Kering,Asia/Jakarta,"(024) 8313826, +62 24 8313826",NO,43,4.2,https://search.google.com/local/reviews?placeid=ChIJWWY6GWCLcC4Rs2nwYOeQ3Sw&q=la,https://www.google.com/maps?cid=3232899430960097715,-6.9966123,110.4258112,None,None,"Minggu: [08.00-00.00], Senin: [08.00-00.00], Selasa: [08.00-00.00], Rabu: [08.00",https://lh5.googleusercontent.com/p/AF1QipNtKRTnF1Ww8hPi19px4w9_EBvnUPoAhfs5Vubz
5àsec Semarang,"Jl. Veteran No.35, Mugassari, Kec. Semarang Sel., Kota Semarang, Jawa Tengah 502",Mugassari,Binatu,Asia/Jakarta,"(024) 8455875, +62 24 8455875",YES,111,4.2,https://search.google.com/local/reviews?placeid=ChIJ_Th8Zq2LcC4RzZGjBAhT0jo&q=la,https://www.google.com/maps?cid=4238541493211730381,-6.9969785,110.4161103,https://5asecindonesia.com/,5asecindonesia.com,"Minggu: [Tutup], Senin: [08.00-19.00], Selasa: [08.00-19.00], Rabu: [08.00-19.00",https://lh5.googleusercontent.com/p/AF1QipNUOBz1gzXxrbMVWv41JTzD27socReasRviXw=w
L'Pourca Laundry Tembalang SEMARANG,"WCJQ+RRH, Jl. Mulawarman Sel. II, Kramas, Kec. Tembalang, Kota Semarang, Jawa Te",Jl. Mulawarman Sel. II,Binatu,Asia/Jakarta,None,NO,22,4.5,https://search.google.com/local/reviews?placeid=ChIJ8bhb7bqOcC4R4CUh34xjZJs&q=la,https://www.google.com/maps?cid=11197184030239958496,-7.067937,110.4396029,None,None,"Minggu: [Tutup], Senin: [09.00-17.00], Selasa: [09.00-17.00], Rabu: [09.00-17.00",https://lh5.googleusercontent.com/p/AF1QipPU0wo5ZdWuZH8A09OslsCfCt21VM0YmrYP0vc=
Laundry Specialist,"Jl. Jatimulyo Jl. Tembalang Selatan No.5B, Pedalangan, Kec. Banyumanik, Kota Sem",Pedalangan,Layanan Binatu,Asia/Jakarta,"0813-9107-9264, +62 813-9107-9264",NO,56,4.3,https://search.google.com/local/reviews?placeid=ChIJFVezrqmOcC4RaOZj6DIVMik&q=la,https://www.google.com/maps?cid=2968458412781987432,-7.0583548,110.4347034,None,None,"Minggu: [08.00-21.00], Senin: [08.00-21.00], Selasa: [08.00-21.00], Rabu: [08.00",https://lh5.googleusercontent.com/p/AF1QipO_kNBq3EMzxATzTmwZWC1JVKGbc7D5wrO3YxSX
LAUNDRY-IN SEMARANG,"Jl. Lamongan III No.58, Sampangan, Kec. Gajahmungkur, Kota Semarang, Jawa Tengah",Sampangan,Binatu,Asia/Jakarta,"0821-3671-3601, +62 821-3671-3601",YES,110,4.9,https://search.google.com/local/reviews?placeid=ChIJf-ABG_CLcC4Rxq0NX6uaoL4&q=la,https://www.google.com/maps?cid=13736148924304829894,-7.0108048,110.3952965,None,None,"Minggu: [09.00-17.00], Senin: [09.00-17.00], Selasa: [Buka 24 jam], Rabu: [09.00",https://lh5.googleusercontent.com/p/AF1QipMHHaTpYrL6eL8z2KKonL99bnm3H-Pv43iAAGVH
Laundry Sweety,"Jl. Kelengan Kecil No.2/G, Kembangsari, Kec. Semarang Tengah, Kota Semarang, Jaw",Kembangsari,Layanan Binatu,Asia/Jakarta,"0858-6666-0158, +62 858-6666-0158",YES,103,4.8,https://search.google.com/local/reviews?placeid=ChIJccOc61OLcC4RAjrj__H2mM8&q=la,https://www.google.com/maps?cid=14958977681551735298,-6.9790999,110.4188948,https://www.instagram.com/sweetylaundrysemarang,instagram.com,"Minggu: [Tutup], Senin: [06.30-21.00], Selasa: [Tutup], Rabu: [Tutup], Kamis: [T",https://lh5.googleusercontent.com/p/AF1QipO8faEMFhM8mMB-kYbcAf5R0nLODsLCCFP2fWFV
L'Pourca Laundry Semarang,"Jl. Mayjend Sutoyo No.17a, Pekunden, Kec. Semarang Tengah, Kota Semarang, Jawa T",Pekunden,"Layanan Binatu, Binatu Cucian Kering, Binatu",Asia/Jakarta,"(024) 76444796, +62 24 76444796",NO,78,4.7,https://search.google.com/local/reviews?placeid=ChIJn5vHUA-LcC4R8Ri3qTee4dQ&q=la,https://www.google.com/maps?cid=15339715767708358897,-6.9861659,110.4240503,https://linktr.ee/lpourca,linktr.ee,"Minggu: [Tutup], Senin: [07.00-19.00], Selasa: [07.00-19.00], Rabu: [07.00-19.00",https://lh5.googleusercontent.com/p/AF1QipPs-QikciBxQvIti5JecXfrcF8kEH9co-SPlFoY
Dolphin Laundry & Dry Cleaning Semarang,"Indonesia, Ruko, Jl. Imam Bonjol No.147, Pindrikan Lor, Kec. Semarang Tengah, Ko",Jl. Imam Bonjol No.147,Layanan Binatu,Asia/Jakarta,"(024) 3516501, +62 24 3516501",NO,52,4.6,https://search.google.com/local/reviews?placeid=ChIJn_TmF02LcC4ReQLCWXwlkz8&q=la,https://www.google.com/maps?cid=4581046461977985657,-6.977086099999999,110.4120843,None,None,"Minggu: [Tutup], Senin: [08.00-18.00], Selasa: [08.00-18.00], Rabu: [08.00-18.00",https://streetviewpixels-pa.googleapis.com/v1/thumbnail?panoid=PHdAsUQ2_sW9x-aex
Daily Fun Wash Laundry Coin,"Jl. Anggrek IV No.50, Pekunden, Kec. Semarang Tengah, Kota Semarang, Jawa Tengah",Pekunden,Layanan Binatu,Asia/Jakarta,"0811-2770-209, +62 811-2770-209",YES,101,4.9,https://search.google.com/local/reviews?placeid=ChIJ8xDUPdqLcC4RdpfX8SbOzd0&q=la,https://www.google.com/maps?cid=15982657319269275510,-6.986464499999999,110.4255339,None,None,"Minggu: [08.00-17.00], Senin: [08.00-17.00], Selasa: [08.00-17.00], Rabu: [08.00",https://lh5.googleusercontent.com/p/AF1QipMXRNUcojvldHpyVm0-G3d8cUKeLihBRVQZrZWI
Binatu Semarang,"Jl. Gajahmada No.18, Bangunharjo, Kec. Semarang Tengah, Kota Semarang, Jawa Teng",Bangunharjo,Layanan Binatu,Asia/Jakarta,"(024) 3546848, +62 24 3546848",YES,53,4.2,https://search.google.com/local/reviews?placeid=ChIJF82zJFeLcC4RCQLUM9g95m0&q=la,https://www.google.com/maps?cid=7919084993569358345,-6.974425999999999,110.4202601,None,None,"Minggu: [Tutup], Senin: [07.30-17.30], Selasa: [07.30-17.30], Rabu: [07.30-17.30",https://lh5.googleusercontent.com/p/AF1QipO2m77WX7tWmhvBOy_R996o6tKprS-FjOzNrblP
Lares Laundry Express Semarang,"Jl. Labuan Raya No.9, Karangtempel, Kec. Semarang Tim., Kota Semarang, Jawa Teng",Karangtempel,"Layanan Binatu, Binatu",Asia/Jakarta,"0878-9090-9755, +62 878-9090-9755",YES,109,5.0,https://search.google.com/local/reviews?placeid=ChIJT7sHPcmNcC4Ria1F8tYpWVc&q=la,https://www.google.com/maps?cid=6294107957391371657,-6.987343699999999,110.4369156,None,None,"Minggu: [07.30-20.00], Senin: [07.30-20.00], Selasa: [07.30-20.00], Rabu: [07.30",https://lh5.googleusercontent.com/p/AF1QipM7lgdMgTZjItK4CgY8pNCbw2AxjL7X7z5lhFFo
Hello Laundry Semarang (Free Antar Jemput*),"Perumahan Jl. Sambiroto Baru No.9, Sambiroto, Kec. Tembalang, Kota Semarang, Jaw",Sambiroto,Layanan Binatu,Asia/Jakarta,"0812-2573-9226, +62 812-2573-9226",YES,62,4.9,https://search.google.com/local/reviews?placeid=ChIJYaf5MaqNcC4RB-ryjkUdARk&q=la,https://www.google.com/maps?cid=1801753510513142279,-7.0237872,110.4628268,http://wa.me/6281225739226,wa.me,"Minggu: [08.00-15.00], Senin: [07.00-20.00], Selasa: [07.00-20.00], Rabu: [07.00",https://lh5.googleusercontent.com/p/AF1QipPxcx4zQUXK2w_RsqCCkD3W116e932g18e1JxUM
Dobi Online Laundry (Laundry express gratis antar jemput),"Jl. Purwosari Raya No.61, RT.03/RW.02, Rejosari, Kec. Semarang Tim., Kota Semara","RT.03/RW.02, Rejosari","Binatu, Binatu Cucian Kering, Layanan Binatu",Asia/Jakarta,"0822-5000-5669, +62 822-5000-5669",YES,22,4.9,https://search.google.com/local/reviews?placeid=ChIJh_h52cqNcC4RHUsC-G1m7Fw&q=la,https://www.google.com/maps?cid=6695839368491453213,-6.9841148,110.4371274,None,None,"Minggu: [Tutup], Senin: [08.00-20.00], Selasa: [08.00-20.00], Rabu: [08.00-20.00",https://lh5.googleusercontent.com/p/AF1QipMeiUNpNmZrSX92asT-hxdd7TO8fffca9slAqDm
"SPESIALIS CUCI SPRINGBED, KARPET DAN SOFA SEMARANG TIMUR","Jl. Sendangsari Utara Raya No.106, Kalicari, Kec. Pedurungan, Kota Semarang, Jaw",Kalicari,Layanan Binatu,Asia/Jakarta,"0895-1487-9944, +62 895-1487-9944",YES,44,5.0,https://search.google.com/local/reviews?placeid=ChIJ731ZEk2NcC4RQ0PJhnxnOsc&q=la,https://www.google.com/maps?cid=14355900546731819843,-6.9953467,110.4549722,https://wa.link/gd8lxj,wa.link,"Minggu: [Buka 24 jam], Senin: [Buka 24 jam], Selasa: [Buka 24 jam], Rabu: [Buka ",https://lh5.googleusercontent.com/p/AF1QipMG1BhPHJmvaaEpnsr6nMk4ebpSP0IhKBpmAcHo
laundry kiloan dan satuan terdekat di semarang - Citra Laundry Semarang,"Jl. Gedong Songo Timur No.44, Manyaran, Kec. Semarang Barat, Kota Semarang, Jawa",Manyaran,Layanan Binatu,Asia/Jakarta,"0858-4252-7607, +62 858-4252-7607",YES,84,4.9,https://search.google.com/local/reviews?placeid=ChIJp83DRQ6LcC4RaU7hSJTvTw0&q=la,https://www.google.com/maps?cid=959248665810128489,-7.000835599999999,110.3892813,https://business.google.com/dashboard/l/02276246138703133110?hl=id,business.google.com,"Minggu: [Tutup], Senin: [07.00-18.00], Selasa: [07.00-18.00], Rabu: [07.00-18.00",https://lh5.googleusercontent.com/p/AF1QipONidfRGJX4evFwNhI82ae07TLdeOY4d_YAab_K
Qlap_Laundry Sepatu,"Jl. Bugangan VIII No.185, Rejosari, Kec. Semarang Tim., Kota Semarang, Jawa Teng",Rejosari,Layanan Binatu,Asia/Jakarta,"0822-2419-8038, +62 822-2419-8038",YES,90,5.0,https://search.google.com/local/reviews?placeid=ChIJI1YzX-SMcC4RFhm4Ocj3wXk&q=la,https://www.google.com/maps?cid=8773565988428323094,-6.9748975,110.43965,https://bit.ly/qlaplaundry185,bit.ly,"Minggu: [Tutup], Senin: [08.00-17.00], Selasa: [08.00-17.00], Rabu: [08.00-17.00",https://lh5.googleusercontent.com/p/AF1QipNE8CoKsNLcRjaXjJ-Dl3rR52fVuTHR6PFQmkaq
Laily Laundry,"Kp. Batiksari no No.18, Rejomulyo, Kec. Semarang Tim., Kota Semarang, Jawa Tenga",Rejomulyo,Layanan Binatu,Asia/Jakarta,"0812-1547-4236, +62 812-1547-4236",YES,14,5.0,https://search.google.com/local/reviews?placeid=ChIJUe15OZzzcC4RWV9e8sm2ND4&q=la,https://www.google.com/maps?cid=4482408507611438937,-6.969515599999999,110.431214,None,None,"Minggu: [Tutup], Senin: [07.00-21.00], Selasa: [07.00-21.00], Rabu: [07.00-21.00",https://lh5.googleusercontent.com/p/AF1QipO72TrQvYWTLy73m64i4BX2khNg0fyG38xdXA6V
Mesin Laundry by Duta Indah Abadi,"Jalan Dokter Cipto No.20, Kebonagung, Kec. Semarang Tim., Kota Semarang, Jawa Te",Kebonagung,Binatu,Asia/Jakarta,"0813-2802-1690, +62 813-2802-1690",NO,45,5.0,https://search.google.com/local/reviews?placeid=ChIJe-WvKdrzcC4R3I1uWmOrs7M&q=la,https://www.google.com/maps?cid=12948881796827614684,-6.971369999999999,110.4341623,http://www.mesinlaundry.co.id/,mesinlaundry.co.id,"Minggu: [Tutup], Senin: [09.00-17.00], Selasa: [09.00-17.00], Rabu: [09.00-17.00",https://lh5.googleusercontent.com/p/AF1QipOfuEmI1zY_jh6QOIxcxaTSKJ14OFPGe5FlXRip
Cika Laundry Hasanudin,"Jalan Hasanudin No.G11, Plombokan, Semarang Utara, Plombokan, Kec. Semarang Utar",Plombokan,Layanan Binatu,Asia/Jakarta,"0815-6505-562, +62 815-6505-562",YES,191,4.5,https://search.google.com/local/reviews?placeid=ChIJy5NYlrH0cC4REPBgorORBgg&q=la,https://www.google.com/maps?cid=578309802873122832,-6.969493099999999,110.412275,None,None,"Minggu: [07.00-22.00], Senin: [07.00-22.00], Selasa: [07.00-22.00], Rabu: [07.00",https://lh5.googleusercontent.com/p/AF1QipORDK0rsIHFhngn85lUmaZiWquTHgqMXhBK7TDm
BN Laundry Express,"Jl. Hasanudin No.223, Plombokan, Kec. Semarang Utara, Kota Semarang, Jawa Tengah",Plombokan,Layanan Binatu,Asia/Jakarta,"0813-5517-9086, +62 813-5517-9086",YES,214,4.8,https://search.google.com/local/reviews?placeid=ChIJj1qK2Bf1cC4RoHnRCpwnieM&q=la,https://www.google.com/maps?cid=16395679469568883104,-6.966499499999999,110.411248,http://bnlaundry.com/,bnlaundry.com,"Minggu: [07.00-21.00], Senin: [07.00-21.00], Selasa: [07.00-21.00], Rabu: [07.00",https://lh5.googleusercontent.com/p/AF1QipPFDyI7dSBcK9XRG4lgeojKDyDc9Bnxc_QCdo-f
Joy Laundry-Layanan Binatu Terdekat Kota Semarang Utara,"Jl. Selomas Bar. IV No.167, Panggung Lor, Kec. Semarang Utara, Kota Semarang, Ja",Panggung Lor,Layanan Binatu,Asia/Jakarta,"0813-2830-6473, +62 813-2830-6473",YES,17,4.8,https://search.google.com/local/reviews?placeid=ChIJ_zcqrrj0cC4RKRzmqHDrtSs&q=la,https://www.google.com/maps?cid=3149682383518047273,-6.9615781,110.4027879,None,None,"Minggu: [Tutup], Senin: [08.00-17.00], Selasa: [08.00-17.00], Rabu: [08.00-17.00",https://lh5.googleusercontent.com/p/AF1QipNumx6W2m_sL9GrAD-hDBwHcqLglvShajcAohLt
Orange Laundry Hasanudin,"Jl. Hasanudin G 7 B, Plombokan, Kec. Semarang Utara, Kota Semarang, Jawa Tengah ",Plombokan,Binatu,Asia/Jakarta,"0813-3333-9498, +62 813-3333-9498",NO,32,4.7,https://search.google.com/local/reviews?placeid=ChIJr-uqBgH1cC4R6sBWz7cuw6M&q=la,https://www.google.com/maps?cid=11800326815633293546,-6.9703152,110.4124013,None,None,"Minggu: [08.00-21.00], Senin: [08.00-21.00], Selasa: [08.00-21.00], Rabu: [08.00",https://lh5.googleusercontent.com/p/AF1QipPMEq21-RI1L0KCafuSTKZDd3Oyif5v_fw6fJzZ
QnC Laundry Semarang,"Jl. Tembalang Baru No.4, Tembalang, Kec. Tembalang, Kota Semarang, Jawa Tengah 5",Tembalang,Layanan Binatu,Asia/Jakarta,"0821-5566-3838, +62 821-5566-3838",YES,55,4.9,https://search.google.com/local/reviews?placeid=ChIJuzK99BaNcC4RrF7t_Ls5pKA&q=la,https://www.google.com/maps?cid=11575440421814099628,-7.0548239,110.4339822,http://www.qnclaundry.net/,qnclaundry.net,"Minggu: [08.00-12.00, 13.00-20.00], Senin: [08.00-12.00, 13.00-20.00], Selasa: [",https://lh5.googleusercontent.com/p/AF1QipOXwMpjh1dVxAoYb2YH5m1Y16tMPJDGd_Ol3loR
Oshin Laundry Tembalang,"jalan bulusan selatan raya ujung, Jl. Bulusan Selatan VII No.1 kav.1, Bulusan, K",Jl. Bulusan Selatan VII No.1 kav.1,"Binatu, Binatu Cucian Kering",Asia/Jakarta,"0812-2777-7924, +62 812-2777-7924",YES,205,4.8,https://search.google.com/local/reviews?placeid=ChIJdUCyM4-PcC4RRX_09iwznoI&q=la,https://www.google.com/maps?cid=9412016539465711429,-7.0659825,110.4473655,https://linktr.ee/oshinlaundryofficial,linktr.ee,"Minggu: [08.00-21.00], Senin: [08.00-21.00], Selasa: [08.00-21.00], Rabu: [08.00",https://lh5.googleusercontent.com/p/AF1QipOVokGcjq6u9hpAhytonLSGfF769liNVOPkeiZF
Orange Laundry Premium,"Jl. Banjarsari Raya Tembalang No.48 B, Tembalang, Kec. Tembalang, Kota Semarang,",Tembalang,Binatu Cucian Kering,Asia/Jakarta,"(024) 76405888, +62 24 76405888",YES,121,4.3,https://search.google.com/local/reviews?placeid=ChIJBz3U75mPcC4RrtMIi9YJsGI&q=la,https://www.google.com/maps?cid=7111194628678276014,-7.0597789,110.4402864,http://www.orangelaundrysemarang.com/,orangelaundrysemarang.com,"Minggu: [08.00-21.00], Senin: [08.00-21.00], Selasa: [08.00-21.00], Rabu: [08.00",https://lh5.googleusercontent.com/p/AF1QipMwAgVirO9lgtVyHhAdILvNGvzMLdDXDJuO0kQm
Daily Wash Laundromat Tembalang,"WCVP+MVG, Tembalang, Kec. Tembalang, Kota Semarang, Jawa Tengah 50275",Tembalang,Binatu,Asia/Jakarta,"0812-1842-6969, +62 812-1842-6969",NO,24,4.3,https://search.google.com/local/reviews?placeid=ChIJf_BdgDaNcC4RjUAUpDnAgT0&q=la,https://www.google.com/maps?cid=4432034862107738253,-7.0558133,110.4371902,http://thedailywash.com/,thedailywash.com,"Minggu: [08.30-20.00], Senin: [08.30-20.00], Selasa: [08.30-20.00], Rabu: [08.30",https://lh5.googleusercontent.com/p/AF1QipPbLxCR4OSckSCK3__jJ_pOJH7dySTEsSPKf8A9
Cahaya Laundry,"Jl. Prof. Soedarto No.33A, Tembalang, Kec. Tembalang, Kota Semarang, Jawa Tengah",Tembalang,Binatu Cucian Kering,Asia/Jakarta,"0812-2516-1983, +62 812-2516-1983",YES,34,5.0,https://search.google.com/local/reviews?placeid=ChIJ17-cg1uNcC4Rx0LHVk8vUbo&q=la,https://www.google.com/maps?cid=13425563981972980423,-7.055357,110.4355589,None,None,"Minggu: [06.00-19.30], Senin: [06.00-20.30], Selasa: [06.00-20.30], Rabu: [06.00",https://lh5.googleusercontent.com/p/AF1QipOnSV6bhR591yr9DLxrLsjDHJZxaBmiyq0HmOjW
"Zero Point Laundry (Shoe, Bag & Clothes)","Jl. Gondang Raya No.02B, Tembalang, Kec. Tembalang, Kota Semarang, Jawa Tengah 5",Tembalang,Binatu,Asia/Jakarta,"0856-0063-3221, +62 856-0063-3221",YES,114,4.9,https://search.google.com/local/reviews?placeid=ChIJHepXAqWOcC4RQj3lkvVwM8M&q=la,https://www.google.com/maps?cid=14065710261241986370,-7.0605131,110.4418598,None,None,"Minggu: [12.00-21.00], Senin: [09.00-21.00], Selasa: [09.00-21.00], Rabu: [09.00",https://lh5.googleusercontent.com/p/AF1QipOR3a_PAUqUZZC-OlzT6H0-aM2-mPrNzhbEsuUh
Orange Laundry Cabang Sirajudin,"Jl. Jatimulyo No.1, Tembalang, Kec. Tembalang, Kota Semarang, Jawa Tengah 50268",Tembalang,Binatu Cucian Kering,Asia/Jakarta,"0857-4166-6659, +62 857-4166-6659",YES,41,4.1,https://search.google.com/local/reviews?placeid=ChIJvxMhmKaOcC4Rcgctyj2SgiY&q=la,https://www.google.com/maps?cid=2774941114496255858,-7.058356099999999,110.4352363,http://www.orangelaundrysemarang.com/,orangelaundrysemarang.com,"Minggu: [08.00-21.00], Senin: [08.00-21.00], Selasa: [08.00-21.00], Rabu: [08.00",https://lh5.googleusercontent.com/p/AF1QipPFXmk7Xd4pMjwPtruNPVUtoDNulCJI16Ka83WK
B Clean Laundry,"Jalan Prof. Soedarto, No 127 D, Tembalang, Pedalangan, Kec. Banyumanik, Kota Sem",Pedalangan,"Layanan Binatu, Binatu",Asia/Jakarta,"0815-6559-911, +62 815-6559-911",YES,22,4.5,https://search.google.com/local/reviews?placeid=ChIJhbMEoAGMcC4RXMPrRnmvzkQ&q=la,https://www.google.com/maps?cid=4958093175197254492,-7.0540252,110.4304489,None,None,"Minggu: [08.00-21.00], Senin: [08.00-21.00], Selasa: [08.00-21.00], Rabu: [08.00",https://lh5.googleusercontent.com/p/AF1QipP9SluWTi5Jk7VmARf4koEtkruEkyKHwBa_5hQk
Bara Laundry,"Jl. KH. Sirojudin No.16, Tembalang, Kec. Tembalang, Kota Semarang, Jawa Tengah 5",Tembalang,Layanan Binatu,Asia/Jakarta,"0877-6690-9075, +62 877-6690-9075",YES,80,5.0,https://search.google.com/local/reviews?placeid=ChIJhYnrxM-PcC4RFCGbfwFyOf0&q=la,https://www.google.com/maps?cid=18246740716029681940,-7.0567896,110.435784,https://www.instagram.com/baralaundry.id/,instagram.com,"Minggu: [09.00-21.00], Senin: [08.00-21.00], Selasa: [08.00-21.00], Rabu: [08.00",https://lh5.googleusercontent.com/p/AF1QipOpPgMHKTv6Z2mPazgQvaDb6mOmqUURvXw378Ou
Mido Laundry,"Unnamed Road, Jl. Tapak Tugurejo gang V Rt 02/03 No 27, Tugurejo, Kec. Tugu, Kot",Tugurejo,Layanan Binatu,Asia/Jakarta,"0882-0036-03612, +62 882-0036-03612",YES,28,5.0,https://search.google.com/local/reviews?placeid=ChIJlWrlb9qLcC4R76qdWzRT93U&q=la,https://www.google.com/maps?cid=8500354306025564911,-6.9821748,110.3447857,None,None,"Minggu: [06.00-20.00], Senin: [06.00-20.30], Selasa: [06.00-21.00], Rabu: [06.00",https://lh5.googleusercontent.com/p/AF1QipMgYMoKpB9LKG8tqFziEFRmK3TG6jEqDHK27c-4
LULUK LAUNDRY,"Jl. Tugurejo A6 No.47, RT.003/RW.001, Tugurejo, Kec. Tugu, Kota Semarang, Jawa T","RT.003/RW.001, Tugurejo",Binatu Cucian Kering,Asia/Jakarta,"0815-7526-1251, +62 815-7526-1251",NO,15,5.0,https://search.google.com/local/reviews?placeid=ChIJ44NQw7SKcC4RSiJq9Ltb9_g&q=la,https://www.google.com/maps?cid=17939908503471268426,-6.9795421,110.35088,None,None,"Minggu: [08.00-20.00], Senin: [08.00-20.00], Selasa: [08.00-20.00], Rabu: [08.00",https://lh5.googleusercontent.com/p/AF1QipP8gLfNE6aFI29Nd_KxUjiFldDkyW8ZJFaMQksG
In-Dry Laundry,"Jl.wologito tengah III B no.3, Kembangarum, Kec. Semarang Barat, Kota Semarang, ",Kembangarum,Binatu,Asia/Jakarta,"0813-3635-3736, +62 813-3635-3736",YES,40,5.0,https://search.google.com/local/reviews?placeid=ChIJy8qV3suLcC4R2XDtHx1ZsAk&q=la,https://www.google.com/maps?cid=698155923867005145,-6.9948336,110.3774074,None,None,"Minggu: [06.00-20.00], Senin: [06.00-20.00], Selasa: [06.00-20.00], Rabu: [06.00",https://lh5.googleusercontent.com/p/AF1QipOvQLW5Ub35Xnsoza643jldiSHDyqR1IH_u9ErQ
